{"cameraMode":{"drawMode":0,"name":"Shaded","section":"Shading Mode"},"sceneLighting":true,"audioPlay":false,"sceneViewState":{"showFog":true,"showMaterialUpdate":false,"showSkybox":false,"showFlares":true,"showImageEffects":true,"showParticleSystems":true},"in2DMode":false,"pivot":{"x":-0.0350000262260437,"y":1.0475499629974366,"z":0.046999990940093997},"rotation":{"x":0.17886784672737122,"y":0.7193207144737244,"z":-0.2008778601884842,"w":0.6405013203620911},"size":4.756067752838135,"orthographic":false}