{"cameraMode":{"drawMode":0,"name":"Shaded","section":"Shading Mode"},"sceneLighting":false,"audioPlay":false,"sceneViewState":{"showFog":true,"showMaterialUpdate":false,"showSkybox":false,"showFlares":true,"showImageEffects":true,"showParticleSystems":true},"in2DMode":false,"pivot":{"x":0.0,"y":0.5099999904632568,"z":4.53000020980835},"rotation":{"x":0.18129588663578034,"y":-0.017720496281981469,"z":0.003308976534754038,"w":0.9833304286003113},"size":5.206122875213623,"orthographic":false}